TIMESTAMP;TASK_INSTANCE_ID;NAME;ORDER_NUM;ELAPSED_TIME
54:29,9;1;bottom;1;
54:32,9;1;piston;2;3012
54:38,0;1;small_spring;3;5045
54:41,6;1;cap;4;3626
55:13,0;1;hex_screw_1;5;31337
55:29,6;1;hex_screw_2;6;16681
55:44,8;1;valve;7;15121
55:52,2;1;top;8;7420
55:55,8;1;hex_piston;9;3581
56:03,9;1;large_spring;10;8159
57:13,9;1;screw_1;11;69992
57:31,1;1;scew_2;12;17180
57:43,4;1;scew_3;13;12297
57:56,6;1;scew_4;14;13262
58:10,8;1;ring;15;14111
58:20,9;1;dummy_piston;16;10159
58:49,7;2;bottom;1;
58:53,5;2;piston;2;3792
59:00,5;2;small_spring;3;6999
59:00,5;2;cap;4;69
59:16,0;2;hex_screw_1;5;15431
59:40,3;2;hex_screw_2;6;24290
00:02,1;2;valve;7;21884
00:11,8;2;top;8;9621
00:15,1;2;hex_piston;9;3283
00:21,3;2;large_spring;10;6279
00:33,1;2;screw_1;11;11758
00:48,8;2;scew_2;12;15666
01:00,0;2;scew_3;13;11203
01:09,8;2;scew_4;14;9862
01:24,1;2;ring;15;14295
01:35,6;2;dummy_piston;16;11513
01:56,7;3;bottom;1;
01:59,2;3;piston;2;2549
02:11,7;3;small_spring;3;12494
02:15,7;3;cap;4;4021
02:26,7;3;hex_screw_1;5;11011
02:42,5;3;hex_screw_2;6;15763
02:53,7;3;valve;7;11186
02:59,3;3;top;8;5646
03:02,3;3;hex_piston;9;2978
03:08,2;3;large_spring;10;5894
03:18,3;3;screw_1;11;10137
03:47,6;3;scew_2;12;29283
04:04,9;3;scew_3;13;17309
04:19,0;3;scew_4;14;14113
04:25,9;3;ring;15;6828
04:45,5;3;dummy_piston;16;19607
05:09,5;4;bottom;1;
05:14,4;4;piston;2;4886
05:17,9;4;small_spring;3;3547
05:18,0;4;cap;4;82
05:33,6;4;hex_screw_1;5;15574
05:46,2;4;hex_screw_2;6;12623
06:00,8;4;valve;7;14567
06:13,3;4;top;8;12492
06:16,8;4;hex_piston;9;3485
06:22,2;4;large_spring;10;5401
06:26,6;4;screw_1;11;4465
06:48,7;4;scew_2;12;22074
06:59,5;4;scew_3;13;10844
07:09,6;4;scew_4;14;10101
07:24,2;4;ring;15;14526
07:32,8;4;dummy_piston;16;8590
07:50,5;5;bottom;1;
07:53,0;5;piston;2;2531
07:57,6;5;small_spring;3;4609
08:08,4;5;cap;4;10828
08:23,3;5;hex_screw_1;5;14835
08:59,9;5;hex_screw_2;6;36584
09:14,3;5;valve;7;14397
09:19,6;5;top;8;5319
09:22,5;5;hex_piston;9;2882
09:27,2;5;large_spring;10;4761
09:40,3;5;screw_1;11;13103
09:57,8;5;scew_2;12;17478
10:10,6;5;scew_3;13;12832
10:21,2;5;scew_4;14;10584
10:32,6;5;ring;15;11354
10:39,9;5;dummy_piston;16;7346
11:05,3;6;bottom;1;
11:07,3;6;piston;2;2025
11:11,6;6;small_spring;3;4258
11:14,8;6;cap;4;3257
11:25,1;6;hex_screw_1;5;10220
11:37,7;6;hex_screw_2;6;12611
11:57,0;6;valve;7;19304
12:03,2;6;top;8;6197
12:06,2;6;hex_piston;9;3074
12:11,0;6;large_spring;10;4723
12:21,9;6;screw_1;11;10949
12:41,7;6;scew_2;12;19819
12:53,5;6;scew_3;13;11748
13:03,4;6;scew_4;14;9915
13:15,3;6;ring;15;11895
13:25,1;6;dummy_piston;16;9784
13:55,1;7;bottom;1;
13:57,1;7;piston;2;2040
14:01,7;7;small_spring;3;4613
14:05,0;7;cap;4;3220
14:16,9;7;hex_screw_1;5;11907
14:36,4;7;hex_screw_2;6;19500
14:54,8;7;valve;7;18453
15:00,8;7;top;8;5954
15:03,8;7;hex_piston;9;2988
15:08,6;7;large_spring;10;4848
15:26,4;7;screw_1;11;17824
15:49,8;7;scew_2;12;23399
16:08,0;7;scew_3;13;18163
16:19,3;7;scew_4;14;11333
16:31,1;7;ring;15;11756
16:41,6;7;dummy_piston;16;10529
17:11,5;8;bottom;1;
17:13,7;8;piston;2;2243
17:18,1;8;small_spring;3;4347
17:18,2;8;cap;4;109
17:41,1;8;hex_screw_1;5;22952
18:06,9;8;hex_screw_2;6;25773
18:21,1;8;valve;7;14207
18:28,8;8;top;8;7705
18:32,6;8;hex_piston;9;3757
18:40,6;8;large_spring;10;8035
18:46,0;8;screw_1;11;5436
19:07,1;8;scew_2;12;21060
19:17,8;8;scew_3;13;10672
19:29,1;8;scew_4;14;11354
19:40,4;8;ring;15;11228
19:53,4;8;dummy_piston;16;13064
20:09,5;9;bottom;1;
20:13,2;9;piston;2;3628
20:20,4;9;small_spring;3;7287
20:25,1;9;cap;4;4626
20:37,3;9;hex_screw_1;5;12248
20:49,3;9;hex_screw_2;6;12005
21:09,8;9;valve;7;20459
21:15,0;9;top;8;5229
21:17,4;9;hex_piston;9;2423
21:22,7;9;large_spring;10;5223
21:31,3;9;screw_1;11;8672
21:50,6;9;scew_2;12;19229
22:12,0;9;scew_3;13;21480
22:41,1;9;scew_4;14;29090
22:54,9;9;ring;15;13798
23:03,9;9;dummy_piston;16;8947
23:22,9;10;bottom;1;
23:25,1;10;piston;2;2233
23:30,9;10;small_spring;3;5840
23:36,2;10;cap;4;5244
23:47,2;10;hex_screw_1;5;11052
23:58,2;10;hex_screw_2;6;11019
24:09,4;10;valve;7;11141
24:16,3;10;top;8;6952
24:21,4;10;hex_piston;9;5035
24:28,3;10;large_spring;10;6945
24:41,4;10;screw_1;11;13122
25:00,7;10;scew_2;12;19216
25:00,7;10;scew_3;13;79
25:35,6;10;scew_4;14;34852
25:44,1;10;ring;15;8532
25:51,4;10;dummy_piston;16;7235
26:11,5;11;bottom;1;
26:13,9;11;piston;2;2407
26:18,6;11;small_spring;3;4649
26:22,5;11;cap;4;3899
26:32,6;11;hex_screw_1;5;10100
26:45,1;11;hex_screw_2;6;12500
26:56,9;11;valve;7;11786
27:01,2;11;top;8;4319
27:04,0;11;hex_piston;9;2836
27:26,9;11;large_spring;10;22904
27:37,2;11;screw_1;11;10255
27:56,3;11;scew_2;12;19092
28:08,6;11;scew_3;13;12364
28:21,8;11;scew_4;14;13162
28:30,5;11;ring;15;8748
28:50,0;11;dummy_piston;16;19441
29:06,3;12;bottom;1;
29:08,8;12;piston;2;2551
29:13,7;12;small_spring;3;4880
29:18,1;12;cap;4;4357
29:34,6;12;hex_screw_1;5;16555
29:45,2;12;hex_screw_2;6;10600
30:05,3;12;valve;7;20120
30:14,9;12;top;8;9571
30:17,2;12;hex_piston;9;2334
30:23,5;12;large_spring;10;6208
30:27,5;12;screw_1;11;4044
30:53,7;12;scew_2;12;26175
31:07,5;12;scew_3;13;13841
31:16,9;12;scew_4;14;9336
31:27,9;12;ring;15;11022
31:41,0;12;dummy_piston;16;13168
32:02,7;13;bottom;1;
32:04,8;13;piston;2;2095
32:10,0;13;small_spring;3;5190
32:14,1;13;cap;4;4120
32:22,3;13;hex_screw_1;5;8215
32:33,5;13;hex_screw_2;6;11215
32:45,4;13;valve;7;11892
32:50,1;13;top;8;4623
32:59,2;13;hex_piston;9;9099
33:16,2;13;large_spring;10;17028
33:28,0;13;screw_1;11;11858
33:41,4;13;scew_2;12;13363
33:52,0;13;scew_3;13;10606
34:02,4;13;scew_4;14;10386
34:11,5;13;ring;15;9117
34:25,3;13;dummy_piston;16;13743
34:46,4;14;bottom;1;
34:49,1;14;piston;2;2714
34:54,0;14;small_spring;3;4845
34:57,9;14;cap;4;3928
35:23,4;14;hex_screw_1;5;25473
35:38,3;14;hex_screw_2;6;14903
35:53,8;14;valve;7;15473
36:01,9;14;top;8;8121
36:04,8;14;hex_piston;9;2964
36:15,3;14;large_spring;10;10444
36:20,3;14;screw_1;11;5039
36:39,3;14;scew_2;12;18954
36:50,4;14;scew_3;13;11078
37:00,6;14;scew_4;14;10254
37:09,3;14;ring;15;8676
37:19,1;14;dummy_piston;16;9811
37:31,0;15;bottom;1;
37:32,9;15;piston;2;1878
37:40,3;15;small_spring;3;7381
37:43,8;15;cap;4;3558
37:56,7;15;hex_screw_1;5;12841
38:08,2;15;hex_screw_2;6;11533
38:20,3;15;valve;7;12081
38:24,8;15;top;8;4452
38:27,2;15;hex_piston;9;2397
38:31,7;15;large_spring;10;4536
38:40,1;15;screw_1;11;8367
38:55,8;15;scew_2;12;15766
39:11,3;15;scew_3;13;15499
39:31,2;15;scew_4;14;19919
39:45,7;15;ring;15;14446
39:53,3;15;dummy_piston;16;7644
40:05,0;16;bottom;1;
40:07,1;16;piston;2;2093
40:15,6;16;small_spring;3;8458
40:19,2;16;cap;4;3643
40:27,0;16;hex_screw_1;5;7800
40:35,7;16;hex_screw_2;6;8666
41:01,4;16;valve;7;25694
41:05,8;16;top;8;4412
41:07,9;16;hex_piston;9;2053
41:12,2;16;large_spring;10;4302
41:16,1;16;screw_1;11;3933
41:37,3;16;scew_2;12;21207
41:49,8;16;scew_3;13;12463
41:58,8;16;scew_4;14;9052
42:10,2;16;ring;15;11354
42:19,2;16;dummy_piston;16;8994
42:33,3;17;bottom;1;
42:35,5;17;piston;2;2189
42:40,3;17;small_spring;3;4841
42:44,0;17;cap;4;3693
42:52,6;17;hex_screw_1;5;8561
43:08,9;17;hex_screw_2;6;16359
43:24,0;17;valve;7;15105
43:28,5;17;top;8;4477
43:30,2;17;hex_piston;9;1733
43:49,2;17;large_spring;10;19003
43:59,9;17;screw_1;11;10632
44:33,4;17;scew_2;12;33517
44:44,0;17;scew_3;13;10563
44:53,6;17;scew_4;14;9677
45:05,2;17;ring;15;11563
45:14,3;17;dummy_piston;16;9124
45:35,4;18;bottom;1;
45:41,5;18;piston;2;6094
45:45,1;18;small_spring;3;3542
45:47,6;18;cap;4;2524
45:56,1;18;hex_screw_1;5;8489
46:08,6;18;hex_screw_2;6;12555
46:21,9;18;valve;7;13244
46:26,6;18;top;8;4697
46:28,6;18;hex_piston;9;2009
46:34,7;18;large_spring;10;6098
46:41,1;18;screw_1;11;6428
47:00,9;18;scew_2;12;19787
47:13,5;18;scew_3;13;12634
47:23,1;18;scew_4;14;9531
47:32,1;18;ring;15;9084
47:41,6;18;dummy_piston;16;9486
48:02,7;19;bottom;1;
48:04,6;19;piston;2;1947
48:08,5;19;small_spring;3;3902
48:10,9;19;cap;4;2395
48:23,9;19;hex_screw_1;5;12980
48:41,2;19;hex_screw_2;6;17366
48:51,9;19;valve;7;10631
48:56,8;19;top;8;4925
48:59,4;19;hex_piston;9;2605
49:05,7;19;large_spring;10;6248
49:19,5;19;screw_1;11;13808
49:31,9;19;scew_2;12;12396
49:41,9;19;scew_3;13;10040
49:51,6;19;scew_4;14;9706
50:02,3;19;ring;15;10688
50:13,5;19;dummy_piston;16;11248
50:27,7;20;bottom;1;
50:29,6;20;piston;2;1952
50:33,4;20;small_spring;3;3729
50:37,7;20;cap;4;4314
50:50,4;20;hex_screw_1;5;12707
50:58,4;20;hex_screw_2;6;8029
51:11,7;20;valve;7;13312
51:17,0;20;top;8;5243
51:22,5;20;hex_piston;9;5579
51:28,2;20;large_spring;10;5696
51:38,4;20;screw_1;11;10181
51:50,7;20;scew_2;12;12307
51:51,0;20;scew_3;13;272
52:12,5;20;scew_4;14;21464
52:22,6;20;ring;15;10147
52:40,5;20;dummy_piston;16;17889
52:52,9;21;bottom;1;
52:55,0;21;piston;2;2175
52:58,6;21;small_spring;3;3594
53:01,0;21;cap;4;2407
53:20,4;21;hex_screw_1;5;19327
53:29,9;21;hex_screw_2;6;9568
53:40,4;21;valve;7;10500
53:44,5;21;top;8;4036
53:46,9;21;hex_piston;9;2453
53:50,1;21;large_spring;10;3218
53:58,2;21;screw_1;11;8089
54:13,1;21;scew_2;12;14896
54:24,9;21;scew_3;13;11791
54:35,8;21;scew_4;14;10891
54:49,6;21;ring;15;13792
55:03,8;21;dummy_piston;16;14155
00:53,8;22;bottom;1;
00:56,6;22;piston;2;2823
01:02,0;22;small_spring;3;5423
01:06,4;22;cap;4;4389
01:18,4;22;hex_screw_1;5;12021
01:35,3;22;hex_screw_2;6;16900
01:52,7;22;valve;7;17363
01:57,5;22;top;8;4817
02:00,7;22;hex_piston;9;3252
02:07,8;22;large_spring;10;7025
02:18,5;22;screw_1;11;10765
02:34,7;22;scew_2;12;16135
02:51,4;22;scew_3;13;16726
03:03,4;22;scew_4;14;12041
03:13,9;22;ring;15;10431
03:22,7;22;dummy_piston;16;8798
03:45,8;23;bottom;1;
03:48,0;23;piston;2;2194
03:52,7;23;small_spring;3;4732
03:56,2;23;cap;4;3535
04:10,4;23;hex_screw_1;5;14179
04:20,0;23;hex_screw_2;6;9583
04:34,1;23;valve;7;14105
04:38,2;23;top;8;4092
04:40,8;23;hex_piston;9;2661
04:47,1;23;large_spring;10;6233
05:01,2;23;screw_1;11;14101
05:21,0;23;scew_2;12;19775
05:47,7;23;scew_3;13;26787
05:47,8;23;scew_4;14;68
05:47,9;23;ring;15;83
06:16,4;23;dummy_piston;16;28500
06:35,0;24;bottom;1;
06:36,9;24;piston;2;1909
06:40,5;24;small_spring;3;3550
06:45,0;24;cap;4;4495
06:53,8;24;hex_screw_1;5;8806
07:27,3;24;hex_screw_2;6;33500
07:44,6;24;valve;7;17320
07:50,6;24;top;8;6052
07:53,2;24;hex_piston;9;2528
08:02,7;24;large_spring;10;9574
08:15,8;24;screw_1;11;13074
08:30,7;24;scew_2;12;14899
08:44,4;24;scew_3;13;13725
09:00,8;24;scew_4;14;16322
09:16,2;24;ring;15;15437
09:25,9;24;dummy_piston;16;9725
09:45,6;25;bottom;1;
09:47,2;25;piston;2;1587
09:51,0;25;small_spring;3;3823
09:54,1;25;cap;4;3066
10:04,7;25;hex_screw_1;5;10580
10:27,3;25;hex_screw_2;6;22687
10:45,2;25;valve;7;17833
10:51,5;25;top;8;6292
10:54,3;25;hex_piston;9;2877
10:59,0;25;large_spring;10;4688
11:02,5;25;screw_1;11;3427
11:29,0;25;scew_2;12;26496
12:02,0;25;scew_3;13;33041
12:02,1;25;scew_4;14;88
12:22,5;25;ring;15;20406
12:38,6;25;dummy_piston;16;16124
13:01,2;26;bottom;1;
13:04,1;26;piston;2;2871
13:08,1;26;small_spring;3;3948
13:11,9;26;cap;4;3819
13:20,5;26;hex_screw_1;5;8592
13:42,0;26;hex_screw_2;6;21492
14:02,1;26;valve;7;20156
14:12,2;26;top;8;10062
14:15,4;26;hex_piston;9;3187
14:24,3;26;large_spring;10;8916
14:49,5;26;screw_1;11;25226
15:08,7;26;scew_2;12;19148
15:26,2;26;scew_3;13;17548
15:39,4;26;scew_4;14;13161
15:51,5;26;ring;15;12118
15:59,8;26;dummy_piston;16;8309
16:16,5;27;bottom;1;
16:18,5;27;piston;2;2035
16:22,4;27;small_spring;3;3878
16:25,8;27;cap;4;3423
16:39,6;27;hex_screw_1;5;13807
16:57,1;27;hex_screw_2;6;17505
17:23,8;27;valve;7;26639
17:31,5;27;top;8;7705
17:33,9;27;hex_piston;9;2429
17:39,6;27;large_spring;10;5698
17:43,3;27;screw_1;11;3698
18:06,4;27;scew_2;12;23103
18:36,6;27;scew_3;13;30238
18:50,3;27;scew_4;14;13623
19:02,3;27;ring;15;12051
19:20,5;27;dummy_piston;16;18211
19:29,0;28;bottom;1;
19:30,9;28;piston;2;1947
19:34,6;28;small_spring;3;3720
19:38,0;28;cap;4;3375
19:46,7;28;hex_screw_1;5;8675
20:16,0;28;hex_screw_2;6;29288
20:32,8;28;valve;7;16787
20:38,8;28;top;8;6083
20:41,4;28;hex_piston;9;2504
21:05,0;28;large_spring;10;23694
22:05,3;28;screw_1;11;60300
22:21,9;28;scew_2;12;16517
22:35,1;28;scew_3;13;13261
22:46,4;28;scew_4;14;11323
22:59,4;28;ring;15;12956
23:06,8;28;dummy_piston;16;7441
23:19,0;29;bottom;1;
23:21,8;29;piston;2;2803
23:27,0;29;small_spring;3;5115
23:32,0;29;cap;4;5013
23:42,3;29;hex_screw_1;5;10332
24:01,8;29;hex_screw_2;6;19446
24:21,0;29;valve;7;19264
24:26,9;29;top;8;5882
24:31,2;29;hex_piston;9;4270
24:39,8;29;large_spring;10;8642
24:43,3;29;screw_1;11;3505
25:08,2;29;scew_2;12;24873
25:21,5;29;scew_3;13;13345
25:35,2;29;scew_4;14;13649
25:45,8;29;ring;15;10580
25:54,8;29;dummy_piston;16;8993
26:31,8;30;bottom;1;
26:34,2;30;piston;2;2338
26:41,1;30;small_spring;3;6890
26:46,3;30;cap;4;5185
26:58,9;30;hex_screw_1;5;12618
27:19,3;30;hex_screw_2;6;20407
27:33,5;30;valve;7;14265
27:40,1;30;top;8;6540
27:42,7;30;hex_piston;9;2591
27:55,5;30;large_spring;10;12789
28:13,0;30;screw_1;11;17510
28:28,8;30;scew_2;12;15782
28:40,4;30;scew_3;13;11684
28:52,2;30;scew_4;14;11743
29:04,2;30;ring;15;12024
29:13,8;30;dummy_piston;16;9569
29:26,6;31;bottom;1;
29:28,7;31;piston;2;2142
29:32,3;31;small_spring;3;3568
29:35,6;31;cap;4;3274
29:46,6;31;hex_screw_1;5;11026
30:01,2;31;hex_screw_2;6;14568
30:18,1;31;valve;7;16894
30:21,9;31;top;8;3862
30:24,2;31;hex_piston;9;2301
30:34,3;31;large_spring;10;10016
30:42,7;31;screw_1;11;8435
30:57,0;31;scew_2;12;14291
31:17,6;31;scew_3;13;20626
31:26,9;31;scew_4;14;9283
31:35,8;31;ring;15;8903
31:44,2;31;dummy_piston;16;8449
32:08,8;32;bottom;1;
32:10,9;32;piston;2;2135
32:17,2;32;small_spring;3;6272
32:21,0;32;cap;4;3858
32:31,3;32;hex_screw_1;5;10325
32:48,8;32;hex_screw_2;6;17469
33:01,1;32;valve;7;12317
33:05,9;32;top;8;4796
33:08,0;32;hex_piston;9;2050
33:17,7;32;large_spring;10;9698
33:21,3;32;screw_1;11;3634
33:50,0;32;scew_2;12;28712
34:00,8;32;scew_3;13;10828
34:13,3;32;scew_4;14;12450
34:26,5;32;ring;15;13219
34:33,7;32;dummy_piston;16;7176
34:52,1;33;bottom;1;
34:54,1;33;piston;2;2051
34:58,1;33;small_spring;3;3963
35:02,0;33;cap;4;3888
35:10,4;33;hex_screw_1;5;8450
35:29,8;33;hex_screw_2;6;19391
35:43,7;33;valve;7;13835
35:48,4;33;top;8;4718
35:50,8;33;hex_piston;9;2476
35:59,1;33;large_spring;10;8278
36:02,6;33;screw_1;11;3487
36:25,4;33;scew_2;12;22762
36:37,6;33;scew_3;13;12188
36:46,1;33;scew_4;14;8558
36:46,6;33;ring;15;508
37:04,0;33;dummy_piston;16;17332
37:25,4;34;bottom;1;
37:26,8;34;piston;2;1372
37:30,4;34;small_spring;3;3634
37:33,4;34;cap;4;2993
37:41,6;34;hex_screw_1;5;8181
37:58,6;34;hex_screw_2;6;16995
38:15,7;34;valve;7;17165
38:19,6;34;top;8;3828
38:22,4;34;hex_piston;9;2838
38:35,3;34;large_spring;10;12910
38:56,0;34;screw_1;11;20712
39:12,3;34;scew_2;12;16239
39:26,1;34;scew_3;13;13876
39:35,6;34;scew_4;14;9470
39:44,8;34;ring;15;9207
39:54,2;34;dummy_piston;16;9388
40:09,2;35;bottom;1;
40:11,1;35;piston;2;1876
40:14,6;35;small_spring;3;3522
40:18,2;35;cap;4;3587
40:31,4;35;hex_screw_1;5;13163
40:45,5;35;hex_screw_2;6;14108
40:57,9;35;valve;7;12381
41:03,9;35;top;8;5988
41:06,2;35;hex_piston;9;2304
41:14,0;35;large_spring;10;7824
41:17,9;35;screw_1;11;3919
41:34,8;35;scew_2;12;16865
41:45,3;35;scew_3;13;10498
41:53,9;35;scew_4;14;8661
42:02,6;35;ring;15;8705
42:17,8;35;dummy_piston;16;15213
42:42,0;36;bottom;1;
42:43,8;36;piston;2;1809
42:47,1;36;small_spring;3;3378
42:50,4;36;cap;4;3224
43:09,4;36;hex_screw_1;5;19052
43:25,2;36;hex_screw_2;6;15815
43:41,5;36;valve;7;16249
43:45,9;36;top;8;4386
43:48,7;36;hex_piston;9;2802
43:56,8;36;large_spring;10;8114
44:00,9;36;screw_1;11;4096
44:21,5;36;scew_2;12;20619
44:33,6;36;scew_3;13;12057
44:44,1;36;scew_4;14;10526
44:54,2;36;ring;15;10073
45:08,8;36;dummy_piston;16;14629
45:27,8;37;bottom;1;
45:30,1;37;piston;2;2230
45:33,5;37;small_spring;3;3434
45:37,0;37;cap;4;3448
45:45,0;37;hex_screw_1;5;8084
45:57,3;37;hex_screw_2;6;12271
46:16,1;37;valve;7;18833
46:20,2;37;top;8;4061
46:22,7;37;hex_piston;9;2530
46:34,1;37;large_spring;10;11316
46:44,6;37;screw_1;11;10518
46:57,0;37;scew_2;12;12425
47:21,2;37;scew_3;13;24231
47:25,3;37;scew_4;14;4067
47:38,9;37;ring;15;13637
47:48,4;37;dummy_piston;16;9500
48:04,7;38;bottom;1;
48:07,0;38;piston;2;2311
48:11,8;38;small_spring;3;4737
48:18,7;38;cap;4;6997
48:32,3;38;hex_screw_1;5;13566
48:44,7;38;hex_screw_2;6;12416
48:59,6;38;valve;7;14877
49:04,0;38;top;8;4440
49:07,0;38;hex_piston;9;3002
49:12,9;38;large_spring;10;5806
49:25,2;38;screw_1;11;12332
49:44,7;38;scew_2;12;19527
49:57,5;38;scew_3;13;12762
50:08,5;38;scew_4;14;10986
50:18,1;38;ring;15;9642
50:26,8;38;dummy_piston;16;8732
50:42,4;39;bottom;1;
50:44,6;39;piston;2;2142
50:48,2;39;small_spring;3;3565
50:51,8;39;cap;4;3596
51:03,0;39;hex_screw_1;5;11247
51:31,1;39;hex_screw_2;6;28103
51:57,2;39;valve;7;26136
52:01,9;39;top;8;4669
52:04,8;39;hex_piston;9;2908
52:11,7;39;large_spring;10;6877
52:27,9;39;screw_1;11;16190
52:51,0;39;scew_2;12;23153
53:18,4;39;scew_3;13;27327
53:31,5;39;scew_4;14;13160
53:41,7;39;ring;15;10226
53:54,5;39;dummy_piston;16;12726
54:15,0;40;bottom;1;
54:17,3;40;piston;2;2287
54:25,9;40;small_spring;3;8673
54:30,2;40;cap;4;4274
54:46,0;40;hex_screw_1;5;15762
55:00,5;40;hex_screw_2;6;14545
55:19,1;40;valve;7;18605
55:23,1;40;top;8;4005
55:25,8;40;hex_piston;9;2683
55:36,9;40;large_spring;10;11061
55:47,6;40;screw_1;11;10772
56:00,1;40;scew_2;12;12495
56:10,3;40;scew_3;13;10140
56:21,8;40;scew_4;14;11540
56:31,3;40;ring;15;9518
56:45,8;40;dummy_piston;16;14434
56:56,4;41;bottom;1;
56:58,9;41;piston;2;2504
57:01,9;41;small_spring;3;2930
57:05,0;41;cap;4;3160
57:15,2;41;hex_screw_1;5;10135
57:27,2;41;hex_screw_2;6;12063
57:41,1;41;valve;7;13876
57:45,0;41;top;8;3907
57:47,3;41;hex_piston;9;2286
57:53,5;41;large_spring;10;6194
58:04,4;41;screw_1;11;10949
58:21,4;41;scew_2;12;16926
58:32,4;41;scew_3;13;11077
58:40,9;41;scew_4;14;8511
58:50,5;41;ring;15;9541
58:57,0;41;dummy_piston;16;6492
03:32,4;42;bottom;1;
03:35,0;42;piston;2;2624
03:45,7;42;small_spring;3;10656
03:49,4;42;cap;4;3715
04:05,3;42;hex_screw_1;5;15945
04:16,6;42;hex_screw_2;6;11293
04:20,0;42;valve;7;3425
04:36,9;42;top;8;16893
04:39,3;42;hex_piston;9;2398
04:45,2;42;large_spring;10;5832
04:52,5;42;screw_1;11;7336
05:30,9;42;scew_2;12;38433
06:11,7;42;scew_3;13;40751
06:22,3;42;scew_4;14;10634
06:31,5;42;ring;15;9197
06:41,9;42;dummy_piston;16;10361
06:57,8;43;bottom;1;
07:00,7;43;piston;2;2871
07:10,6;43;small_spring;3;9887
07:14,2;43;cap;4;3662
07:24,8;43;hex_screw_1;5;10516
07:37,0;43;hex_screw_2;6;12285
07:52,7;43;valve;7;15634
07:58,7;43;top;8;6032
08:03,2;43;hex_piston;9;4463
08:09,8;43;large_spring;10;6621
08:16,9;43;screw_1;11;7160
08:31,3;43;scew_2;12;14388
08:45,3;43;scew_3;13;13930
08:55,2;43;scew_4;14;9912
08:55,5;43;ring;15;363
09:16,9;43;dummy_piston;16;21387
09:37,4;44;bottom;1;
09:42,8;44;piston;2;5431
09:46,8;44;small_spring;3;3942
09:50,3;44;cap;4;3565
09:59,9;44;hex_screw_1;5;9593
10:14,4;44;hex_screw_2;6;14509
10:32,1;44;valve;7;17626
10:39,9;44;top;8;7830
10:43,3;44;hex_piston;9;3464
10:49,5;44;large_spring;10;6193
10:57,5;44;screw_1;11;8006
11:12,6;44;scew_2;12;15036
11:22,3;44;scew_3;13;9727
11:32,8;44;scew_4;14;10518
11:45,7;44;ring;15;12827
11:52,4;44;dummy_piston;16;6756
12:05,6;45;bottom;1;
12:09,4;45;piston;2;3807
12:14,7;45;small_spring;3;5296
12:18,4;45;cap;4;3731
12:30,5;45;hex_screw_1;5;12027
12:48,8;45;hex_screw_2;6;18381
13:07,3;45;valve;7;18499
13:12,6;45;top;8;5228
13:54,2;45;hex_piston;9;41660
14:04,5;45;large_spring;10;10313
14:14,8;45;screw_1;11;10241
14:27,7;45;scew_2;12;12934
14:37,7;45;scew_3;13;10022
14:53,4;45;scew_4;14;15687
15:02,7;45;ring;15;9288
15:14,8;45;dummy_piston;16;12121
15:32,2;46;bottom;1;
15:34,7;46;piston;2;2465
15:39,0;46;small_spring;3;4335
15:41,9;46;cap;4;2888
15:53,7;46;hex_screw_1;5;11772
16:06,5;46;hex_screw_2;6;12805
16:20,8;46;valve;7;14257
16:27,1;46;top;8;6324
16:31,0;46;hex_piston;9;3966
16:36,7;46;large_spring;10;5687
16:42,5;46;screw_1;11;5747
17:03,0;46;scew_2;12;20493
17:13,6;46;scew_3;13;10630
17:25,3;46;scew_4;14;11701
17:39,2;46;ring;15;13917
17:49,6;46;dummy_piston;16;10350
18:03,9;47;bottom;1;
18:06,5;47;piston;2;2599
18:09,7;47;small_spring;3;3228
18:12,1;47;cap;4;2377
18:23,4;47;hex_screw_1;5;11255
18:35,1;47;hex_screw_2;6;11697
18:46,3;47;valve;7;11285
18:52,9;47;top;8;6581
18:56,6;47;hex_piston;9;3721
19:02,1;47;large_spring;10;5463
19:10,2;47;screw_1;11;8145
19:22,5;47;scew_2;12;12261
19:33,3;47;scew_3;13;10768
19:43,1;47;scew_4;14;9799
19:43,2;47;ring;15;87
20:08,0;47;dummy_piston;16;24842
20:29,3;48;bottom;1;
20:32,5;48;piston;2;3191
20:36,1;48;small_spring;3;3606
20:38,7;48;cap;4;2641
20:53,5;48;hex_screw_1;5;14748
21:07,1;48;hex_screw_2;6;13639
21:22,4;48;valve;7;15295
21:29,4;48;top;8;7006
21:31,2;48;hex_piston;9;1826
21:36,5;48;large_spring;10;5256
21:45,0;48;screw_1;11;8519
22:01,0;48;scew_2;12;16010
22:12,4;48;scew_3;13;11333
22:22,3;48;scew_4;14;9997
22:31,5;48;ring;15;9109
22:40,6;48;dummy_piston;16;9125
22:55,6;49;bottom;1;
22:57,2;49;piston;2;1600
23:05,4;49;small_spring;3;8213
23:08,4;49;cap;4;2995
23:17,9;49;hex_screw_1;5;9557
23:31,0;49;hex_screw_2;6;13012
23:49,8;49;valve;7;18856
23:56,3;49;top;8;6473
24:00,3;49;hex_piston;9;3993
24:04,7;49;large_spring;10;4381
24:15,8;49;screw_1;11;11140
24:28,2;49;scew_2;12;12440
24:39,5;49;scew_3;13;11222
24:49,2;49;scew_4;14;9692
24:57,3;49;ring;15;8139
25:08,0;49;dummy_piston;16;10695
25:17,0;50;bottom;1;
25:19,7;50;piston;2;2638
25:23,5;50;small_spring;3;3860
25:26,6;50;cap;4;3099
25:36,5;50;hex_screw_1;5;9852
25:49,5;50;hex_screw_2;6;13018
26:03,6;50;valve;7;14161
26:07,4;50;top;8;3789
26:09,2;50;hex_piston;9;1774
26:17,0;50;large_spring;10;7742
26:23,7;50;screw_1;11;6702
26:42,1;50;scew_2;12;18475
27:00,2;50;scew_3;13;18118
27:11,1;50;scew_4;14;10831
27:26,1;50;ring;15;15026
27:33,9;50;dummy_piston;16;7793
27:48,8;51;bottom;1;
27:51,1;51;piston;2;2329
27:56,6;51;small_spring;3;5515
27:59,7;51;cap;4;3073
28:09,0;51;hex_screw_1;5;9264
28:23,2;51;hex_screw_2;6;14200
28:39,9;51;valve;7;16757
28:44,6;51;top;8;4695
28:46,8;51;hex_piston;9;2210
28:51,6;51;large_spring;10;4832
28:59,9;51;screw_1;11;8280
29:12,2;51;scew_2;12;12242
29:22,7;51;scew_3;13;10549
29:33,0;51;scew_4;14;10298
29:41,4;51;ring;15;8339
29:49,5;51;dummy_piston;16;8151
30:01,3;52;bottom;1;
30:03,3;52;piston;2;1997
30:06,1;52;small_spring;3;2806
30:08,8;52;cap;4;2662
30:17,9;52;hex_screw_1;5;9055
30:26,1;52;hex_screw_2;6;8281
30:34,2;52;valve;7;8080
30:34,3;52;top;8;79
30:38,5;52;hex_piston;9;4240
30:44,1;52;large_spring;10;5571
30:49,1;52;screw_1;11;4975
30:58,5;52;scew_2;12;9447
31:11,9;52;scew_3;13;13332
31:18,1;52;scew_4;14;6231
31:27,1;52;ring;15;9011
31:33,9;52;dummy_piston;16;6790
31:43,7;53;bottom;1;
31:45,1;53;piston;2;1418
31:48,9;53;small_spring;3;3844
31:50,9;53;cap;4;1949
32:07,8;53;hex_screw_1;5;16959
32:15,9;53;hex_screw_2;6;8077
32:29,3;53;valve;7;13366
32:34,4;53;top;8;5147
32:35,8;53;hex_piston;9;1415
32:41,5;53;large_spring;10;5674
32:46,2;53;screw_1;11;4730
32:53,7;53;scew_2;12;7461
33:02,1;53;scew_3;13;8426
33:08,4;53;scew_4;14;6312
33:14,5;53;ring;15;6071
33:20,2;53;dummy_piston;16;5717
33:28,5;54;bottom;1;
33:31,2;54;piston;2;2665
33:33,3;54;small_spring;3;2092
33:35,5;54;cap;4;2205
33:41,1;54;hex_screw_1;5;5596
33:49,0;54;hex_screw_2;6;7881
34:04,0;54;valve;7;15060
34:04,1;54;top;8;103
34:09,5;54;hex_piston;9;5387
34:19,7;54;large_spring;10;10130
34:24,7;54;screw_1;11;5012
34:32,0;54;scew_2;12;7287
34:41,8;54;scew_3;13;9791
34:48,8;54;scew_4;14;7069
34:56,5;54;ring;15;7709
35:00,0;54;dummy_piston;16;3473
35:06,6;55;bottom;1;
35:07,8;55;piston;2;1214
35:09,7;55;small_spring;3;1911
35:11,8;55;cap;4;2087
35:16,3;55;hex_screw_1;5;4551
35:23,8;55;hex_screw_2;6;7466
35:33,0;55;valve;7;9200
35:35,4;55;top;8;2428
35:37,1;55;hex_piston;9;1656
35:45,6;55;large_spring;10;8567
35:51,5;55;screw_1;11;5908
35:58,9;55;scew_2;12;7363
36:05,7;55;scew_3;13;6798
36:12,8;55;scew_4;14;7132
36:18,9;55;ring;15;6070
36:23,0;55;dummy_piston;16;4078
36:29,3;56;bottom;1;
36:32,3;56;piston;2;3028
36:35,8;56;small_spring;3;3525
36:39,0;56;cap;4;3230
36:47,7;56;hex_screw_1;5;8626
36:55,7;56;hex_screw_2;6;8032
37:02,8;56;valve;7;7141
37:07,7;56;top;8;4833
37:09,5;56;hex_piston;9;1815
37:13,0;56;large_spring;10;3489
37:19,3;56;screw_1;11;6282
37:27,5;56;scew_2;12;8221
37:35,6;56;scew_3;13;8149
37:42,8;56;scew_4;14;7171
37:49,8;56;ring;15;7000
37:53,8;56;dummy_piston;16;4033
38:08,0;57;bottom;1;
38:10,4;57;piston;2;2446
38:12,4;57;small_spring;3;2004
38:14,4;57;cap;4;2000
38:20,8;57;hex_screw_1;5;6391
38:26,6;57;hex_screw_2;6;5808
38:32,5;57;valve;7;5828
38:35,9;57;top;8;3389
38:36,9;57;hex_piston;9;1030
38:40,9;57;large_spring;10;3995
38:46,0;57;screw_1;11;5168
38:55,2;57;scew_2;12;9109
39:02,6;57;scew_3;13;7461
39:10,3;57;scew_4;14;7726
39:17,0;57;ring;15;6662
39:22,6;57;dummy_piston;16;5604
39:31,2;58;bottom;1;
39:34,9;58;piston;2;3718
39:37,6;58;small_spring;3;2715
39:39,6;58;cap;4;1977
39:45,2;58;hex_screw_1;5;5656
39:52,1;58;hex_screw_2;6;6887
39:58,5;58;valve;7;6340
40:01,6;58;top;8;3085
40:03,6;58;hex_piston;9;2066
40:09,6;58;large_spring;10;5935
40:14,7;58;screw_1;11;5133
40:23,9;58;scew_2;12;9164
40:31,5;58;scew_3;13;7599
40:37,9;58;scew_4;14;6409
40:43,7;58;ring;15;5790
40:48,2;58;dummy_piston;16;4596
40:57,3;59;bottom;1;
40:59,9;59;piston;2;2558
41:02,9;59;small_spring;3;3055
41:06,0;59;cap;4;3140
41:11,8;59;hex_screw_1;5;5738
41:20,5;59;hex_screw_2;6;8766
41:27,6;59;valve;7;7077
41:33,1;59;top;8;5489
41:34,3;59;hex_piston;9;1164
41:40,7;59;large_spring;10;6373
41:48,0;59;screw_1;11;7325
41:57,6;59;scew_2;12;9646
42:05,6;59;scew_3;13;7942
42:14,7;59;scew_4;14;9133
42:23,6;59;ring;15;8947
42:30,3;59;dummy_piston;16;6661
42:41,2;60;bottom;1;
42:43,8;60;piston;2;2638
42:46,5;60;small_spring;3;2698
42:48,8;60;cap;4;2295
42:58,4;60;hex_screw_1;5;9611
43:05,3;60;hex_screw_2;6;6860
43:28,9;60;valve;7;23586
43:31,8;60;top;8;2953
43:33,5;60;hex_piston;9;1686
43:39,4;60;large_spring;10;5913
43:48,7;60;screw_1;11;9262
43:58,8;60;scew_2;12;10119
44:05,6;60;scew_3;13;6768
44:15,1;60;scew_4;14;9524
44:22,9;60;ring;15;7854
44:27,6;60;dummy_piston;16;4641
44:36,7;61;bottom;1;
44:38,7;61;piston;2;2038
44:41,6;61;small_spring;3;2860
44:44,0;61;cap;4;2384
44:49,4;61;hex_screw_1;5;5438
44:55,2;61;hex_screw_2;6;5826
45:01,3;61;valve;7;6079
45:04,3;61;top;8;2988
45:54,4;61;hex_piston;9;50061
45:58,8;61;large_spring;10;4399
46:10,1;61;screw_1;11;11316
46:18,9;61;scew_2;12;8777
46:25,2;61;scew_3;13;6318
46:31,6;61;scew_4;14;6460
46:38,5;61;ring;15;6903
46:45,9;61;dummy_piston;16;7355
46:54,2;62;bottom;1;
46:56,4;62;piston;2;2151
46:59,0;62;small_spring;3;2561
47:01,8;62;cap;4;2860
47:07,3;62;hex_screw_1;5;5527
47:11,6;62;hex_screw_2;6;4258
47:17,8;62;valve;7;6211
47:23,1;62;top;8;5307
47:23,9;62;hex_piston;9;806
47:28,6;62;large_spring;10;4691
47:34,2;62;screw_1;11;5534
47:41,7;62;scew_2;12;7565
47:48,8;62;scew_3;13;7065
47:56,5;62;scew_4;14;7758
48:04,0;62;ring;15;7413
48:11,1;62;dummy_piston;16;7150
48:22,0;63;bottom;1;
48:23,4;63;piston;2;1384
48:26,3;63;small_spring;3;2962
48:28,6;63;cap;4;2329
48:34,2;63;hex_screw_1;5;5506
48:40,0;63;hex_screw_2;6;5878
49:15,7;63;valve;7;35633
49:18,7;63;top;8;3045
49:20,1;63;hex_piston;9;1354
49:24,7;63;large_spring;10;4612
49:33,2;63;screw_1;11;8496
49:41,6;63;scew_2;12;8394
49:49,2;63;scew_3;13;7653
49:56,0;63;scew_4;14;6783
50:01,8;63;ring;15;5754
50:06,4;63;dummy_piston;16;4681
50:14,5;64;bottom;1;
50:15,8;64;piston;2;1250
50:18,3;64;small_spring;3;2519
50:20,4;64;cap;4;2083
50:24,8;64;hex_screw_1;5;4408
50:28,7;64;hex_screw_2;6;3862
50:32,9;64;valve;7;4284
50:35,5;64;top;8;2547
50:36,3;64;hex_piston;9;834
50:42,4;64;large_spring;10;6095
50:48,1;64;screw_1;11;5645
50:55,6;64;scew_2;12;7568
51:02,1;64;scew_3;13;6505
51:08,8;64;scew_4;14;6676
51:14,6;64;ring;15;5795
51:20,7;64;dummy_piston;16;6045
51:29,1;65;bottom;1;
51:31,4;65;piston;2;2278
51:34,5;65;small_spring;3;3108
51:37,7;65;cap;4;3220
51:46,3;65;hex_screw_1;5;8517
51:54,1;65;hex_screw_2;6;7853
52:05,2;65;valve;7;11092
52:10,0;65;top;8;4793
52:12,1;65;hex_piston;9;2117
52:15,6;65;large_spring;10;3528
52:23,7;65;screw_1;11;8029
52:33,5;65;scew_2;12;9809
52:42,4;65;scew_3;13;8878
52:50,1;65;scew_4;14;7709
52:58,1;65;ring;15;8025
53:07,4;65;dummy_piston;16;9323
53:17,7;66;bottom;1;
53:22,6;66;piston;2;4894
53:27,6;66;small_spring;3;4998
53:30,9;66;cap;4;3365
53:39,4;66;hex_screw_1;5;8497
53:49,5;66;hex_screw_2;6;10130
54:03,1;66;valve;7;13593
54:06,9;66;top;8;3750
54:09,5;66;hex_piston;9;2608
54:16,7;66;large_spring;10;7178
54:22,6;66;screw_1;11;5932
54:37,5;66;scew_2;12;14904
54:46,3;66;scew_3;13;8834
55:06,1;66;scew_4;14;19734
55:14,9;66;ring;15;8813
55:25,4;66;dummy_piston;16;10513
55:38,3;67;bottom;1;
55:41,6;67;piston;2;3282
55:45,6;67;small_spring;3;3990
55:49,0;67;cap;4;3370
56:00,2;67;hex_screw_1;5;11202
56:14,9;67;hex_screw_2;6;14700
56:41,2;67;valve;7;26371
56:47,9;67;top;8;6657
56:51,5;67;hex_piston;9;3586
56:55,7;67;large_spring;10;4166
57:01,5;67;screw_1;11;5868
57:13,4;67;scew_2;12;11922
57:25,4;67;scew_3;13;11999
57:34,9;67;scew_4;14;9499
57:46,1;67;ring;15;11130
57:54,8;67;dummy_piston;16;8759
58:13,5;68;bottom;1;
58:16,4;68;piston;2;2980
58:19,9;68;small_spring;3;3427
58:23,8;68;cap;4;3940
58:32,0;68;hex_screw_1;5;8191
58:44,9;68;hex_screw_2;6;12862
59:01,6;68;valve;7;16758
59:05,8;68;top;8;4207
59:09,9;68;hex_piston;9;4043
59:15,8;68;large_spring;10;5908
59:24,1;68;screw_1;11;8343
59:35,0;68;scew_2;12;10874
59:43,7;68;scew_3;13;8719
59:52,8;68;scew_4;14;9061
59:59,8;68;ring;15;6977
00:14,2;68;dummy_piston;16;14482
